Variables,1er enfant,2e enfant,3e enfant
age2529,.5111452,.20215,-.1745108
age3034,.0206863,.0036399,-.7896601
age3539,-.8569678,-.8245546,-1.621034
age40p,-1.939295,-2.335598,-3.388722
insch,-1.025785,.1545281,.4842334
des,-.223628,.1972002,.0498862
dec,-.1165148,.1987852,.2902924
uni,-.1596642,.4500001,.8004084
lkidage,0,-.0990092,-.0377307
constant,-2.532843,-1.634364,-2.288871